Alpha,Algorithm,Content_Type,Category,Mean_Delay,Std_Delay,Median_Delay,Min_Delay,Max_Delay,P95_Delay,Sample_Count
1.0,MAB_Contextual,UAV,II,0.010268919999999999,0.050823862650992334,0.001,0.001,0.348428,0.001,225
1.0,MAB_Contextual,UAV,III,0.002107336633663367,0.005049687311713837,0.001,0.001,0.028514,0.001,101
1.0,MAB_Contextual,UAV,IV,0.05655459259259258,0.17845141744614335,0.001,0.001,0.66781,0.6656974,54
1.0,MAB_Contextual,grid,II,0.0010000000000000005,4.336808689942018e-19,0.001,0.001,0.001,0.001,18343
1.0,MAB_Contextual,grid,III,0.0010000000000000005,4.336808689942018e-19,0.001,0.001,0.001,0.001,9180
1.0,MAB_Contextual,grid,IV,0.0010000000000000005,4.336808689942018e-19,0.001,0.001,0.001,0.001,6140
